{"acc": 0.8323796727261711, "loss": 0.14091741287278456, "_timestamp": 1723796106.407072, "_runtime": 3.1070141792297363, "_step": 7, "_wandb": {"runtime": 3}}